<?xml version="1.0" encoding="UTF-8"?>
<mxfile host="app.diagrams.net" modified="2022-01-25T09:09:19.010Z" agent="5.0 (Macintosh; Intel Mac OS X 10_15_7) AppleWebKit/537.36 (KHTML, like Gecko) Chrome/96.0.4664.110 Safari/537.36" etag="PN-ZMiVNOhUNGaycZqpC" compressed="false" version="16.2.2" type="device">
  <diagram id="qDenV41nqtDvvjibTQUI" name="Page-1">
    <mxGraphModel dx="946" dy="511" grid="1" gridSize="10" guides="1" tooltips="1" connect="1" arrows="1" fold="1" page="1" pageScale="1" pageWidth="827" pageHeight="1169" math="0" shadow="0">
      <root>
        <mxCell id="0" />
        <mxCell id="1" parent="0" />
        <mxCell id="XwEapMw0t7rssQ8lYUJz-3" value="" style="rounded=0;whiteSpace=wrap;html=1;fillColor=#fff2cc;strokeColor=#d6b656;" parent="1" vertex="1">
          <mxGeometry x="170" y="60" width="640" height="480" as="geometry" />
        </mxCell>
        <mxCell id="XwEapMw0t7rssQ8lYUJz-4" value="User" style="shape=umlActor;verticalLabelPosition=bottom;verticalAlign=top;html=1;outlineConnect=0;fillColor=#1ba1e2;fontColor=#ffffff;strokeColor=#006EAF;" parent="1" vertex="1">
          <mxGeometry x="60" y="240" width="30" height="60" as="geometry" />
        </mxCell>
        <mxCell id="0RpizOCCfupLJY3ThClK-1" value="Api Gateway&lt;br&gt;" style="outlineConnect=0;dashed=0;verticalLabelPosition=bottom;verticalAlign=top;align=center;html=1;shape=mxgraph.aws3.api_gateway;fillColor=#D9A741;gradientColor=none;" vertex="1" parent="1">
          <mxGeometry x="210" y="230" width="70" height="80" as="geometry" />
        </mxCell>
        <mxCell id="0RpizOCCfupLJY3ThClK-2" value="" style="strokeColor=#666666;shadow=1;strokeWidth=1;rounded=1;absoluteArcSize=1;arcSize=2;fillColor=#f5f5f5;fontColor=#333333;" vertex="1" parent="1">
          <mxGeometry x="360" y="90" width="130" height="60" as="geometry" />
        </mxCell>
        <mxCell id="0RpizOCCfupLJY3ThClK-3" value="&lt;font color=&quot;#000000&quot;&gt;Authentication&lt;br&gt;&lt;/font&gt;Server" style="sketch=0;dashed=0;connectable=0;html=1;fillColor=#5184F3;strokeColor=none;shape=mxgraph.gcp2.hexIcon;prIcon=cloud_iam;part=1;labelPosition=right;verticalLabelPosition=middle;align=left;verticalAlign=middle;spacingLeft=5;fontColor=#999999;fontSize=12;" vertex="1" parent="0RpizOCCfupLJY3ThClK-2">
          <mxGeometry y="0.5" width="44" height="39" relative="1" as="geometry">
            <mxPoint x="5" y="-19.5" as="offset" />
          </mxGeometry>
        </mxCell>
        <mxCell id="0RpizOCCfupLJY3ThClK-5" value="Redis cache" style="sketch=0;aspect=fixed;html=1;points=[];align=center;image;fontSize=12;image=img/lib/mscae/Cache_Redis_Product.svg;" vertex="1" parent="1">
          <mxGeometry x="710" y="99" width="60" height="50.4" as="geometry" />
        </mxCell>
        <mxCell id="0RpizOCCfupLJY3ThClK-6" value="Database" style="sketch=0;outlineConnect=0;fontColor=#232F3E;gradientColor=none;fillColor=#2E27AD;strokeColor=none;dashed=0;verticalLabelPosition=bottom;verticalAlign=top;align=center;html=1;fontSize=12;fontStyle=0;aspect=fixed;pointerEvents=1;shape=mxgraph.aws4.rds_mariadb_instance;" vertex="1" parent="1">
          <mxGeometry x="702" y="210" width="68" height="68" as="geometry" />
        </mxCell>
        <mxCell id="0RpizOCCfupLJY3ThClK-8" value="Coding maxima backend app" style="rounded=0;whiteSpace=wrap;html=1;fillColor=#dae8fc;strokeColor=#6c8ebf;" vertex="1" parent="1">
          <mxGeometry x="370" y="202" width="120" height="60" as="geometry" />
        </mxCell>
        <mxCell id="0RpizOCCfupLJY3ThClK-11" value="Video Streaming service&lt;br&gt;(non-blocking streaming)" style="rounded=0;whiteSpace=wrap;html=1;fillColor=#d5e8d4;strokeColor=#82b366;" vertex="1" parent="1">
          <mxGeometry x="370" y="310" width="120" height="60" as="geometry" />
        </mxCell>
        <mxCell id="0RpizOCCfupLJY3ThClK-12" value="Judge Broker&lt;br&gt;(non-blocking data streaming)" style="rounded=0;whiteSpace=wrap;html=1;fillColor=#ffe6cc;strokeColor=#d79b00;" vertex="1" parent="1">
          <mxGeometry x="370" y="420" width="120" height="60" as="geometry" />
        </mxCell>
        <mxCell id="0RpizOCCfupLJY3ThClK-16" value="Program Submission &amp;amp;&lt;br&gt;Grading service&lt;br&gt;(Judge)" style="rounded=0;whiteSpace=wrap;html=1;" vertex="1" parent="1">
          <mxGeometry x="540" y="420" width="130" height="60" as="geometry" />
        </mxCell>
        <mxCell id="0RpizOCCfupLJY3ThClK-20" value="" style="shape=image;html=1;verticalAlign=top;verticalLabelPosition=bottom;labelBackgroundColor=#ffffff;imageAspect=0;aspect=fixed;image=https://cdn1.iconfinder.com/data/icons/social-media-outline-6/128/SocialMedia_Youtube-Outline-128.png" vertex="1" parent="1">
          <mxGeometry x="462" y="342" width="28" height="28" as="geometry" />
        </mxCell>
        <mxCell id="0RpizOCCfupLJY3ThClK-21" value="" style="shape=image;html=1;verticalAlign=top;verticalLabelPosition=bottom;labelBackgroundColor=#ffffff;imageAspect=0;aspect=fixed;image=https://cdn4.iconfinder.com/data/icons/scripting-and-programming-languages/512/660277-Python_logo-128.png" vertex="1" parent="1">
          <mxGeometry x="622" y="450" width="40" height="40" as="geometry" />
        </mxCell>
        <mxCell id="0RpizOCCfupLJY3ThClK-48" value="" style="endArrow=classic;html=1;rounded=0;startArrow=classic;startFill=1;" edge="1" parent="1" source="XwEapMw0t7rssQ8lYUJz-4">
          <mxGeometry width="50" height="50" relative="1" as="geometry">
            <mxPoint x="100" y="270" as="sourcePoint" />
            <mxPoint x="200" y="270" as="targetPoint" />
          </mxGeometry>
        </mxCell>
        <mxCell id="0RpizOCCfupLJY3ThClK-50" value="" style="endArrow=classic;html=1;rounded=0;endFill=1;startArrow=classic;startFill=1;fillColor=#f5f5f5;strokeColor=#666666;" edge="1" parent="1" source="0RpizOCCfupLJY3ThClK-1" target="0RpizOCCfupLJY3ThClK-2">
          <mxGeometry width="50" height="50" relative="1" as="geometry">
            <mxPoint x="430" y="320" as="sourcePoint" />
            <mxPoint x="480" y="270" as="targetPoint" />
            <Array as="points">
              <mxPoint x="245" y="120" />
            </Array>
          </mxGeometry>
        </mxCell>
        <mxCell id="0RpizOCCfupLJY3ThClK-51" value="" style="endArrow=classic;startArrow=classic;html=1;rounded=0;fillColor=#dae8fc;strokeColor=#6c8ebf;" edge="1" parent="1" source="0RpizOCCfupLJY3ThClK-1" target="0RpizOCCfupLJY3ThClK-8">
          <mxGeometry width="50" height="50" relative="1" as="geometry">
            <mxPoint x="430" y="320" as="sourcePoint" />
            <mxPoint x="480" y="270" as="targetPoint" />
            <Array as="points">
              <mxPoint x="310" y="230" />
            </Array>
          </mxGeometry>
        </mxCell>
        <mxCell id="0RpizOCCfupLJY3ThClK-52" value="" style="endArrow=baseDash;startArrow=classic;html=1;rounded=0;entryX=0;entryY=0.5;entryDx=0;entryDy=0;endFill=0;fillColor=#ffe6cc;strokeColor=#d79b00;" edge="1" parent="1" target="0RpizOCCfupLJY3ThClK-12">
          <mxGeometry width="50" height="50" relative="1" as="geometry">
            <mxPoint x="245" y="330" as="sourcePoint" />
            <mxPoint x="480" y="270" as="targetPoint" />
            <Array as="points">
              <mxPoint x="245" y="450" />
            </Array>
          </mxGeometry>
        </mxCell>
        <mxCell id="0RpizOCCfupLJY3ThClK-53" value="" style="endArrow=baseDash;startArrow=classic;html=1;rounded=0;entryX=0;entryY=0.5;entryDx=0;entryDy=0;exitX=1;exitY=0.8;exitDx=0;exitDy=0;exitPerimeter=0;endFill=0;fillColor=#d5e8d4;strokeColor=#82b366;" edge="1" parent="1" source="0RpizOCCfupLJY3ThClK-1" target="0RpizOCCfupLJY3ThClK-11">
          <mxGeometry width="50" height="50" relative="1" as="geometry">
            <mxPoint x="430" y="320" as="sourcePoint" />
            <mxPoint x="480" y="270" as="targetPoint" />
            <Array as="points">
              <mxPoint x="320" y="340" />
            </Array>
          </mxGeometry>
        </mxCell>
        <mxCell id="0RpizOCCfupLJY3ThClK-54" value="" style="endArrow=classic;startArrow=classic;html=1;rounded=0;entryX=0;entryY=0.5;entryDx=0;entryDy=0;exitX=1;exitY=0.5;exitDx=0;exitDy=0;dashed=1;fillColor=#ffe6cc;strokeColor=#d79b00;" edge="1" parent="1" source="0RpizOCCfupLJY3ThClK-12" target="0RpizOCCfupLJY3ThClK-16">
          <mxGeometry width="50" height="50" relative="1" as="geometry">
            <mxPoint x="430" y="310" as="sourcePoint" />
            <mxPoint x="480" y="260" as="targetPoint" />
          </mxGeometry>
        </mxCell>
        <mxCell id="0RpizOCCfupLJY3ThClK-55" value="" style="endArrow=none;dashed=1;html=1;rounded=0;entryX=0.5;entryY=1;entryDx=0;entryDy=0;startArrow=classic;startFill=1;fillColor=#dae8fc;strokeColor=#6c8ebf;" edge="1" parent="1" target="0RpizOCCfupLJY3ThClK-8">
          <mxGeometry width="50" height="50" relative="1" as="geometry">
            <mxPoint x="430" y="310" as="sourcePoint" />
            <mxPoint x="480" y="260" as="targetPoint" />
          </mxGeometry>
        </mxCell>
        <mxCell id="0RpizOCCfupLJY3ThClK-56" value="" style="endArrow=none;dashed=1;html=1;rounded=0;entryX=1;entryY=0.5;entryDx=0;entryDy=0;exitX=0.5;exitY=0;exitDx=0;exitDy=0;startArrow=classic;startFill=1;fillColor=#dae8fc;strokeColor=#6c8ebf;" edge="1" parent="1" source="0RpizOCCfupLJY3ThClK-12" target="0RpizOCCfupLJY3ThClK-8">
          <mxGeometry width="50" height="50" relative="1" as="geometry">
            <mxPoint x="430" y="310" as="sourcePoint" />
            <mxPoint x="480" y="260" as="targetPoint" />
            <Array as="points">
              <mxPoint x="430" y="400" />
              <mxPoint x="530" y="400" />
              <mxPoint x="530" y="232" />
            </Array>
          </mxGeometry>
        </mxCell>
        <mxCell id="0RpizOCCfupLJY3ThClK-58" value="" style="endArrow=classic;dashed=1;html=1;rounded=0;exitX=1;exitY=0.5;exitDx=0;exitDy=0;endFill=1;startArrow=classic;startFill=1;fillColor=#ffe6cc;strokeColor=#d79b00;" edge="1" parent="1" source="0RpizOCCfupLJY3ThClK-16">
          <mxGeometry width="50" height="50" relative="1" as="geometry">
            <mxPoint x="430" y="310" as="sourcePoint" />
            <mxPoint x="739" y="380" as="targetPoint" />
            <Array as="points">
              <mxPoint x="739" y="450" />
            </Array>
          </mxGeometry>
        </mxCell>
        <mxCell id="0RpizOCCfupLJY3ThClK-61" value="" style="endArrow=classic;dashed=1;html=1;rounded=0;startArrow=classic;startFill=1;endFill=1;exitX=1.008;exitY=0.4;exitDx=0;exitDy=0;exitPerimeter=0;fillColor=#d5e8d4;strokeColor=#82b366;" edge="1" parent="1" source="0RpizOCCfupLJY3ThClK-11">
          <mxGeometry width="50" height="50" relative="1" as="geometry">
            <mxPoint x="490" y="342" as="sourcePoint" />
            <mxPoint x="710" y="334" as="targetPoint" />
          </mxGeometry>
        </mxCell>
        <mxCell id="0RpizOCCfupLJY3ThClK-63" value="Authorisation&#xa;submodule" style="shape=module;align=left;spacingLeft=20;align=center;verticalAlign=top;fillColor=#e1d5e7;strokeColor=#9673a6;" vertex="1" parent="1">
          <mxGeometry x="550" y="95" width="90" height="50" as="geometry" />
        </mxCell>
        <mxCell id="0RpizOCCfupLJY3ThClK-66" value="" style="endArrow=classic;dashed=1;html=1;rounded=0;exitX=0.5;exitY=1;exitDx=0;exitDy=0;startArrow=classic;startFill=1;endFill=1;fillColor=#f5f5f5;strokeColor=#666666;" edge="1" parent="1" source="0RpizOCCfupLJY3ThClK-2" target="0RpizOCCfupLJY3ThClK-6">
          <mxGeometry width="50" height="50" relative="1" as="geometry">
            <mxPoint x="430" y="300" as="sourcePoint" />
            <mxPoint x="480" y="250" as="targetPoint" />
            <Array as="points">
              <mxPoint x="425" y="180" />
              <mxPoint x="736" y="180" />
            </Array>
          </mxGeometry>
        </mxCell>
        <mxCell id="0RpizOCCfupLJY3ThClK-67" value="" style="endArrow=classic;dashed=1;html=1;rounded=0;exitX=1;exitY=0.383;exitDx=0;exitDy=0;startArrow=classic;startFill=1;endFill=1;exitPerimeter=0;fillColor=#dae8fc;strokeColor=#6c8ebf;" edge="1" parent="1" source="0RpizOCCfupLJY3ThClK-8">
          <mxGeometry width="50" height="50" relative="1" as="geometry">
            <mxPoint x="430" y="300" as="sourcePoint" />
            <mxPoint x="700" y="225" as="targetPoint" />
          </mxGeometry>
        </mxCell>
        <mxCell id="0RpizOCCfupLJY3ThClK-69" value="" style="endArrow=classic;dashed=1;html=1;rounded=0;dashPattern=1 2;exitX=1;exitY=0.5;exitDx=0;exitDy=0;startArrow=none;startFill=0;endFill=1;fillColor=#f5f5f5;strokeColor=#666666;" edge="1" parent="1" source="0RpizOCCfupLJY3ThClK-2" target="0RpizOCCfupLJY3ThClK-63">
          <mxGeometry width="50" height="50" relative="1" as="geometry">
            <mxPoint x="430" y="300" as="sourcePoint" />
            <mxPoint x="480" y="250" as="targetPoint" />
          </mxGeometry>
        </mxCell>
        <mxCell id="0RpizOCCfupLJY3ThClK-70" value="" style="endArrow=classic;html=1;rounded=0;dashed=1;dashPattern=1 2;entryX=0.5;entryY=1;entryDx=0;entryDy=0;exitX=1;exitY=0.25;exitDx=0;exitDy=0;endFill=1;fillColor=#e1d5e7;strokeColor=#9673a6;" edge="1" parent="1" source="0RpizOCCfupLJY3ThClK-8" target="0RpizOCCfupLJY3ThClK-63">
          <mxGeometry width="50" height="50" relative="1" as="geometry">
            <mxPoint x="430" y="300" as="sourcePoint" />
            <mxPoint x="480" y="250" as="targetPoint" />
            <Array as="points">
              <mxPoint x="595" y="217" />
            </Array>
          </mxGeometry>
        </mxCell>
        <mxCell id="0RpizOCCfupLJY3ThClK-71" value="" style="endArrow=classic;html=1;rounded=0;dashed=1;dashPattern=1 2;exitX=1;exitY=0.25;exitDx=0;exitDy=0;endFill=1;fillColor=#e1d5e7;strokeColor=#9673a6;" edge="1" parent="1" source="0RpizOCCfupLJY3ThClK-11" target="0RpizOCCfupLJY3ThClK-63">
          <mxGeometry width="50" height="50" relative="1" as="geometry">
            <mxPoint x="500" y="227" as="sourcePoint" />
            <mxPoint x="605" y="155" as="targetPoint" />
            <Array as="points">
              <mxPoint x="595" y="325" />
            </Array>
          </mxGeometry>
        </mxCell>
        <mxCell id="0RpizOCCfupLJY3ThClK-72" value="" style="endArrow=classic;dashed=1;html=1;rounded=0;dashPattern=1 1;startArrow=classic;startFill=1;endFill=1;exitX=0.615;exitY=1.05;exitDx=0;exitDy=0;exitPerimeter=0;fillColor=#f5f5f5;strokeColor=#666666;" edge="1" parent="1" source="0RpizOCCfupLJY3ThClK-2" target="0RpizOCCfupLJY3ThClK-5">
          <mxGeometry width="50" height="50" relative="1" as="geometry">
            <mxPoint x="440" y="160" as="sourcePoint" />
            <mxPoint x="480" y="250" as="targetPoint" />
            <Array as="points">
              <mxPoint x="440" y="170" />
              <mxPoint x="740" y="170" />
            </Array>
          </mxGeometry>
        </mxCell>
        <mxCell id="0RpizOCCfupLJY3ThClK-75" value="" style="endArrow=classic;dashed=1;html=1;rounded=0;entryX=0.017;entryY=0.496;entryDx=0;entryDy=0;entryPerimeter=0;startArrow=classic;startFill=1;endFill=1;fillColor=#e1d5e7;strokeColor=#9673a6;" edge="1" parent="1" target="0RpizOCCfupLJY3ThClK-5">
          <mxGeometry width="50" height="50" relative="1" as="geometry">
            <mxPoint x="640" y="124" as="sourcePoint" />
            <mxPoint x="480" y="250" as="targetPoint" />
          </mxGeometry>
        </mxCell>
        <mxCell id="0RpizOCCfupLJY3ThClK-76" value="" style="endArrow=classic;html=1;rounded=0;dashed=1;dashPattern=1 2;endFill=1;exitX=0.592;exitY=-0.033;exitDx=0;exitDy=0;exitPerimeter=0;entryX=0.5;entryY=1;entryDx=0;entryDy=0;startArrow=classic;startFill=1;fillColor=#e1d5e7;strokeColor=#9673a6;" edge="1" parent="1" source="0RpizOCCfupLJY3ThClK-12" target="0RpizOCCfupLJY3ThClK-63">
          <mxGeometry width="50" height="50" relative="1" as="geometry">
            <mxPoint x="440" y="410" as="sourcePoint" />
            <mxPoint x="600" y="150" as="targetPoint" />
            <Array as="points">
              <mxPoint x="460" y="410" />
              <mxPoint x="595" y="410" />
            </Array>
          </mxGeometry>
        </mxCell>
        <mxCell id="0RpizOCCfupLJY3ThClK-78" value="Admin" style="shape=umlActor;verticalLabelPosition=bottom;verticalAlign=top;html=1;outlineConnect=0;fillColor=#1ba1e2;fontColor=#ffffff;strokeColor=#006EAF;" vertex="1" parent="1">
          <mxGeometry x="60" y="130" width="30" height="60" as="geometry" />
        </mxCell>
        <mxCell id="0RpizOCCfupLJY3ThClK-79" value="Employee" style="shape=umlActor;verticalLabelPosition=bottom;verticalAlign=top;html=1;outlineConnect=0;fillColor=#1ba1e2;fontColor=#ffffff;strokeColor=#006EAF;" vertex="1" parent="1">
          <mxGeometry x="60" y="350" width="30" height="60" as="geometry" />
        </mxCell>
        <mxCell id="0RpizOCCfupLJY3ThClK-82" value="" style="endArrow=classic;startArrow=classic;html=1;rounded=0;" edge="1" parent="1">
          <mxGeometry width="50" height="50" relative="1" as="geometry">
            <mxPoint x="90" y="380" as="sourcePoint" />
            <mxPoint x="200" y="290" as="targetPoint" />
          </mxGeometry>
        </mxCell>
        <mxCell id="0RpizOCCfupLJY3ThClK-83" value="" style="endArrow=classic;startArrow=classic;html=1;rounded=0;" edge="1" parent="1" source="0RpizOCCfupLJY3ThClK-78">
          <mxGeometry width="50" height="50" relative="1" as="geometry">
            <mxPoint x="430" y="310" as="sourcePoint" />
            <mxPoint x="200" y="250" as="targetPoint" />
          </mxGeometry>
        </mxCell>
        <mxCell id="0RpizOCCfupLJY3ThClK-84" value="" style="dashed=0;outlineConnect=0;html=1;align=center;labelPosition=center;verticalLabelPosition=bottom;verticalAlign=top;shape=mxgraph.webicons.java;gradientColor=#DFDEDE" vertex="1" parent="1">
          <mxGeometry x="540" y="490" width="30" height="30" as="geometry" />
        </mxCell>
        <mxCell id="0RpizOCCfupLJY3ThClK-85" value="" style="shape=image;html=1;verticalAlign=top;verticalLabelPosition=bottom;labelBackgroundColor=#ffffff;imageAspect=0;aspect=fixed;image=https://cdn4.iconfinder.com/data/icons/scripting-and-programming-languages/512/Python_logo-128.png" vertex="1" parent="1">
          <mxGeometry x="576" y="490" width="30" height="30" as="geometry" />
        </mxCell>
        <mxCell id="0RpizOCCfupLJY3ThClK-86" value="" style="shape=image;html=1;verticalAlign=top;verticalLabelPosition=bottom;labelBackgroundColor=#ffffff;imageAspect=0;aspect=fixed;image=https://cdn3.iconfinder.com/data/icons/UltimateGnome/128x128/mimetypes/text-x-c-plus--plus.png" vertex="1" parent="1">
          <mxGeometry x="610" y="490" width="34" height="34" as="geometry" />
        </mxCell>
        <mxCell id="0RpizOCCfupLJY3ThClK-87" value="" style="shape=image;html=1;verticalAlign=top;verticalLabelPosition=bottom;labelBackgroundColor=#ffffff;imageAspect=0;aspect=fixed;image=https://cdn3.iconfinder.com/data/icons/UltimateGnome/128x128/mimetypes/text-x-c.png" vertex="1" parent="1">
          <mxGeometry x="644" y="490" width="34" height="34" as="geometry" />
        </mxCell>
        <mxCell id="0RpizOCCfupLJY3ThClK-88" value="Local Storage&lt;br&gt;" style="sketch=0;pointerEvents=1;shadow=0;dashed=0;html=1;strokeColor=none;fillColor=#005F4B;labelPosition=center;verticalLabelPosition=bottom;verticalAlign=top;align=center;outlineConnect=0;shape=mxgraph.veeam2.object_storage;" vertex="1" parent="1">
          <mxGeometry x="710" y="310" width="57" height="50" as="geometry" />
        </mxCell>
      </root>
    </mxGraphModel>
  </diagram>
</mxfile>
