Day Of Week,Month,Day,Year,Description,Notes,Region,Country,Province,Date Formatted
Friday,Jan,1,2021,New Year's Day,,APAC,India,Bangalore,01-JAN-21
Friday,Jan,1,2021,New Year's Day,,APAC,India,Gandhinagar,01-JAN-21
Friday,Jan,1,2021,New Year's Day,,APAC,India,Chennai,01-JAN-21
Friday,Jan,1,2021,New Year's Day,,APAC,India,Kolkata,01-JAN-21
Friday,Jan,1,2021,New Year's Day,,APAC,India,Trivandrum,01-JAN-21
Friday,Jan,1,2021,New Year's Day,,APAC,India,Noida,01-JAN-21
Friday,Jan,1,2021,New Year's Day,,APAC,India,Delhi/Gurgaon,01-JAN-21
Friday,Jan,1,2021,New Year's Day,,APAC,India,Mumbai/Pune,01-JAN-21
Friday,Jan,1,2021,New Year's Day,,APAC,India,Hyderabad,01-JAN-21
Thursday,Jan,14,2021,Makara Sankranti,,APAC,India,Bangalore,14-JAN-21
Thursday,Jan,14,2021,Makara Sankranti,,APAC,India,Gandhinagar,14-JAN-21
Thursday,Jan,14,2021,Makara Sankranti,,APAC,India,Chennai,14-JAN-21
Thursday,Jan,14,2021,Makara Sankranti,,APAC,India,Trivandrum,14-JAN-21
Thursday,Jan,14,2021,Makara Sankranti,,APAC,India,Mumbai/Pune,14-JAN-21
Thursday,Jan,14,2021,Makara Sankranti,,APAC,India,Hyderabad,14-JAN-21
Friday,Jan,15,2021,Pongal,,APAC,India,Chennai,15-JAN-21
Saturday,Jan,23,2021,Netaji Birthday,,APAC,India,Kolkata,23-JAN-21
Tuesday,Jan,26,2021,Republic day,,APAC,India,Bangalore,26-JAN-21
Tuesday,Jan,26,2021,Republic day,,APAC,India,Gandhinagar,26-JAN-21
Tuesday,Jan,26,2021,Republic day,,APAC,India,Chennai,26-JAN-21
Tuesday,Jan,26,2021,Republic day,,APAC,India,Kolkata,26-JAN-21
Tuesday,Jan,26,2021,Republic day,,APAC,India,Trivandrum,26-JAN-21
Tuesday,Jan,26,2021,Republic day,,APAC,India,Noida,26-JAN-21
Tuesday,Jan,26,2021,Republic day,,APAC,India,Delhi/Gurgaon,26-JAN-21
Tuesday,Jan,26,2021,Republic day,,APAC,India,Mumbai/Pune,26-JAN-21
Tuesday,Jan,26,2021,Republic day,,APAC,India,Hyderabad,26-JAN-21
Monday,Mar,29,2021,Holi / Dhuleti,,APAC,India,Mumbai/Pune,29-MAR-21
Monday,Mar,29,2021,Holi / Dhuleti,,APAC,India,Gandhinagar,29-MAR-21
Monday,Mar,29,2021,Holi / Dhuleti,,APAC,India,Kolkata,29-MAR-21
Monday,Mar,29,2021,Holi / Dhuleti,,APAC,India,Noida,29-MAR-21
Monday,Mar,29,2021,Holi / Dhuleti,,APAC,India,Delhi/Gurgaon,29-MAR-21
Friday,Apr,2,2021,Good Friday,,APAC,India,Bangalore,02-APR-21
Friday,Apr,2,2021,Good Friday,,APAC,India,Gandhinagar,02-APR-21
Friday,Apr,2,2021,Good Friday,,APAC,India,Chennai,02-APR-21
Friday,Apr,2,2021,Good Friday,,APAC,India,Kolkata,02-APR-21
Friday,Apr,2,2021,Good Friday,,APAC,India,Trivandrum,02-APR-21
Friday,Apr,2,2021,Good Friday,,APAC,India,Noida,02-APR-21
Friday,Apr,2,2021,Good Friday,,APAC,India,Delhi/Gurgaon,02-APR-21
Friday,Apr,2,2021,Good Friday,,APAC,India,Mumbai/Pune,02-APR-21
Friday,Apr,2,2021,Good Friday,,APAC,India,Hyderabad,02-APR-21
Tuesday,Apr,13,2021,Gudi Padwa / Ugadi,,APAC,India,Bangalore,13-APR-21
Tuesday,Apr,13,2021,Gudi Padwa / Ugadi,,APAC,India,Mumbai/Pune,13-APR-21
Tuesday,Apr,13,2021,Gudi Padwa / Ugadi,,APAC,India,Hyderabad,13-APR-21
Wednesday,Apr,14,2021,Vishu/Ambedkar Jayanti /Tamil New Year,,APAC,India,Noida,14-APR-21
Wednesday,Apr,14,2021,Vishu/Ambedkar Jayanti /Tamil New Year,,APAC,India,Chennai,14-APR-21
Wednesday,Apr,14,2021,Vishu/Ambedkar Jayanti /Tamil New Year,,APAC,India,Trivandrum,14-APR-21
Thursday,Apr,15,2021,Bengal New Year,,APAC,India,Kolkata,15-APR-21
Wednesday,Apr,21,2021,Ram Navami,,APAC,India,Delhi/Gurgaon,21-APR-21
Saturday,May,1,2021,May day / Maharashtra day,,APAC,India,Bangalore,01-MAY-21
Saturday,May,1,2021,May day / Maharashtra day,,APAC,India,Kolkata,01-MAY-21
Saturday,May,1,2021,May day / Maharashtra day,,APAC,India,Trivandrum,01-MAY-21
Saturday,May,1,2021,May day / Maharashtra day,,APAC,India,Mumbai/Pune,01-MAY-21
Thursday,May,13,2021,Ramzan - Id ul Fitr,,APAC,India,Mumbai/Pune,13-MAY-21
Thursday,May,13,2021,Ramzan - Id ul Fitr,,APAC,India,Trivandrum,13-MAY-21
Friday,May,14,2021,Ramzan - Id ul Fitr,,APAC,India,Bangalore,14-MAY-21
Friday,May,14,2021,Ramzan - Id ul Fitr,,APAC,India,Gandhinagar,14-MAY-21
Friday,May,14,2021,Ramzan - Id ul Fitr,,APAC,India,Chennai,14-MAY-21
Friday,May,14,2021,Ramzan - Id ul Fitr,,APAC,India,Kolkata,14-MAY-21
Friday,May,14,2021,Ramzan - Id ul Fitr,,APAC,India,Noida,14-MAY-21
Friday,May,14,2021,Ramzan - Id ul Fitr,,APAC,India,Delhi/Gurgaon,14-MAY-21
Friday,May,14,2021,Ramzan - Id ul Fitr,,APAC,India,Hyderabad,14-MAY-21
Wednesday,Jun,2,2021,Telangana Formation day,,APAC,India,Hyderabad,02-JUN-21
Sunday,Aug,15,2021,Independence day,,APAC,India,Bangalore,15-AUG-21
Sunday,Aug,15,2021,Independence day,,APAC,India,Gandhinagar,15-AUG-21
Sunday,Aug,15,2021,Independence day,,APAC,India,Chennai,15-AUG-21
Sunday,Aug,15,2021,Independence day,,APAC,India,Kolkata,15-AUG-21
Sunday,Aug,15,2021,Independence day,,APAC,India,Trivandrum,15-AUG-21
Sunday,Aug,15,2021,Independence day,,APAC,India,Noida,15-AUG-21
Sunday,Aug,15,2021,Independence day,,APAC,India,Delhi/Gurgaon,15-AUG-21
Sunday,Aug,15,2021,Independence day,,APAC,India,Mumbai/Pune,15-AUG-21
Sunday,Aug,15,2021,Independence day,,APAC,India,Hyderabad,15-AUG-21
Thursday,Aug,19,2021,Onam,,APAC,India,Trivandrum,19-AUG-21
Friday,Aug,20,2021,Third Onam (First Onam)*,,APAC,India,Trivandrum,20-AUG-21
Saturday,Aug,21,2021,Thiruvonam,,APAC,India,Trivandrum,21-AUG-21
Sunday,Aug,22,2021,Rakshabandhan,,APAC,India,Delhi/Gurgaon,22-AUG-21
Sunday,Aug,22,2021,Rakshabandhan,,APAC,India,Gandhinagar,22-AUG-21
Sunday,Aug,22,2021,Rakshabandhan,,APAC,India,Noida,22-AUG-21
Monday,Aug,30,2021,Janmashtami ( Shravan Vad - 8),,APAC,India,Delhi/Gurgaon,30-AUG-21
Monday,Aug,30,2021,Janmashtami ( Shravan Vad - 8),,APAC,India,Gandhinagar,30-AUG-21
Monday,Aug,30,2021,Janmashtami ( Shravan Vad - 8),,APAC,India,Noida,30-AUG-21
Friday,Sep,10,2021,Ganesh Chaturthi/ Samvatsari Chaturthi Paksha,,APAC,India,Bangalore,10-SEP-21
Friday,Sep,10,2021,Ganesh Chaturthi/ Samvatsari Chaturthi Paksha,,APAC,India,Gandhinagar,10-SEP-21
Friday,Sep,10,2021,Ganesh Chaturthi/ Samvatsari Chaturthi Paksha,,APAC,India,Chennai,10-SEP-21
Friday,Sep,10,2021,Ganesh Chaturthi/ Samvatsari Chaturthi Paksha,,APAC,India,Trivandrum,10-SEP-21
Friday,Sep,10,2021,Ganesh Chaturthi/ Samvatsari Chaturthi Paksha,,APAC,India,Mumbai/Pune,10-SEP-21
Friday,Sep,10,2021,Ganesh Chaturthi/ Samvatsari Chaturthi Paksha,,APAC,India,Hyderabad,10-SEP-21
Saturday,Oct,2,2021,Gandhi Jayanthi,,APAC,India,Bangalore,02-OCT-21
Saturday,Oct,2,2021,Gandhi Jayanthi,,APAC,India,Gandhinagar,02-OCT-21
Saturday,Oct,2,2021,Gandhi Jayanthi,,APAC,India,Chennai,02-OCT-21
Saturday,Oct,2,2021,Gandhi Jayanthi,,APAC,India,Kolkata,02-OCT-21
Saturday,Oct,2,2021,Gandhi Jayanthi,,APAC,India,Trivandrum,02-OCT-21
Saturday,Oct,2,2021,Gandhi Jayanthi,,APAC,India,Noida,02-OCT-21
Saturday,Oct,2,2021,Gandhi Jayanthi,,APAC,India,Delhi/Gurgaon,02-OCT-21
Saturday,Oct,2,2021,Gandhi Jayanthi,,APAC,India,Mumbai/Pune,02-OCT-21
Saturday,Oct,2,2021,Gandhi Jayanthi,,APAC,India,Hyderabad,02-OCT-21
Wednesday,Oct,13,2021,Durgha Puja (Mahashtami),,APAC,India,Kolkata,13-OCT-21
Thursday,Oct,14,2021,Ayudha Puja (Navami),,APAC,India,Kolkata,14-OCT-21
Friday,Oct,15,2021,Dussera- Vijayadasami -,,APAC,India,Bangalore,15-OCT-21
Friday,Oct,15,2021,Dussera- Vijayadasami -,,APAC,India,Gandhinagar,15-OCT-21
Friday,Oct,15,2021,Dussera- Vijayadasami -,,APAC,India,Chennai,15-OCT-21
Friday,Oct,15,2021,Dussera- Vijayadasami -,,APAC,India,Kolkata,15-OCT-21
Friday,Oct,15,2021,Dussera- Vijayadasami -,,APAC,India,Trivandrum,15-OCT-21
Friday,Oct,15,2021,Dussera- Vijayadasami -,,APAC,India,Noida,15-OCT-21
Friday,Oct,15,2021,Dussera- Vijayadasami -,,APAC,India,Delhi/Gurgaon,15-OCT-21
Friday,Oct,15,2021,Dussera- Vijayadasami -,,APAC,India,Mumbai/Pune,15-OCT-21
Friday,Oct,15,2021,Dussera- Vijayadasami -,,APAC,India,Hyderabad,15-OCT-21
Monday,Nov,1,2021,Karnataka Rajyotsava,,APAC,India,Bangalore,01-NOV-21
Thursday,Nov,4,2021,Deepavali/Kalipuja,,APAC,India,Bangalore,04-NOV-21
Thursday,Nov,4,2021,Deepavali/Kalipuja,,APAC,India,Gandhinagar,04-NOV-21
Thursday,Nov,4,2021,Deepavali/Kalipuja,,APAC,India,Chennai,04-NOV-21
Thursday,Nov,4,2021,Deepavali/Kalipuja,,APAC,India,Kolkata,04-NOV-21
Thursday,Nov,4,2021,Deepavali/Kalipuja,,APAC,India,Trivandrum,04-NOV-21
Thursday,Nov,4,2021,Deepavali/Kalipuja,,APAC,India,Noida,04-NOV-21
Thursday,Nov,4,2021,Deepavali/Kalipuja,,APAC,India,Delhi/Gurgaon,04-NOV-21
Thursday,Nov,4,2021,Deepavali/Kalipuja,,APAC,India,Mumbai/Pune,04-NOV-21
Thursday,Nov,4,2021,Deepavali/Kalipuja,,APAC,India,Hyderabad,04-NOV-21
Friday,Nov,5,2021,Deepavali- Balipadyami / Vikram Samvat New Year Day/ Bhai Bij,,APAC,India,Bangalore,05-NOV-21
Friday,Nov,5,2021,Deepavali- Balipadyami / Vikram Samvat New Year Day/ Bhai Bij,,APAC,India,Gandhinagar,05-NOV-21
Friday,Nov,5,2021,Deepavali- Balipadyami / Vikram Samvat New Year Day/ Bhai Bij,,APAC,India,Chennai,05-NOV-21
Friday,Nov,5,2021,Deepavali- Balipadyami / Vikram Samvat New Year Day/ Bhai Bij,,APAC,India,Kolkata,05-NOV-21
Friday,Nov,5,2021,Deepavali- Balipadyami / Vikram Samvat New Year Day/ Bhai Bij,,APAC,India,Noida,05-NOV-21
Friday,Nov,5,2021,Deepavali- Balipadyami / Vikram Samvat New Year Day/ Bhai Bij,,APAC,India,Delhi/Gurgaon,05-NOV-21
Friday,Nov,5,2021,Deepavali- Balipadyami / Vikram Samvat New Year Day/ Bhai Bij,,APAC,India,Mumbai/Pune,05-NOV-21
Friday,Nov,5,2021,Deepavali- Balipadyami / Vikram Samvat New Year Day/ Bhai Bij,,APAC,India,Hyderabad,05-NOV-21
Friday,Nov,19,2021,Gurunanak day /Karthik Poornima,,APAC,India,Delhi/Gurgaon,19-NOV-21
Friday,Nov,19,2021,Gurunanak day /Karthik Poornima,,APAC,India,Noida,19-NOV-21
Saturday,Dec,25,2021,Christmas,,APAC,India,Bangalore,25-DEC-21
Saturday,Dec,25,2021,Christmas,,APAC,India,Hyderabad,25-DEC-21
Saturday,Dec,25,2021,Christmas,,APAC,India,Mumbai/Pune,25-DEC-21
Saturday,Dec,25,2021,Christmas,,APAC,India,Delhi/Gurgaon,25-DEC-21
Saturday,Dec,25,2021,Christmas,,APAC,India,Noida,25-DEC-21
Saturday,Dec,25,2021,Christmas,,APAC,India,Trivandrum,25-DEC-21
Saturday,Dec,25,2021,Christmas,,APAC,India,Kolkata,25-DEC-21
Saturday,Dec,25,2021,Christmas,,APAC,India,Chennai,25-DEC-21
Saturday,Dec,25,2021,Christmas,,APAC,India,Gandhinagar,25-DEC-21
